fname,label
001ca53d.wav,Laughter Hi-Hat Flute
002d256b.wav,Laughter Hi-Hat Flute
003b91e8.wav,Laughter Hi-Hat Flute
003da8e5.wav,Laughter Hi-Hat Flute
004ad66f.wav,Laughter Hi-Hat Flute
00ad7068.wav,Laughter Hi-Hat Flute
00c5808a.wav,Laughter Hi-Hat Flute
00c82919.wav,Laughter Hi-Hat Flute
00c934d7.wav,Laughter Hi-Hat Flute
00c9e799.wav,Laughter Hi-Hat Flute
00cb787c.wav,Laughter Hi-Hat Flute
00ce569f.wav,Laughter Hi-Hat Flute
00d1fe46.wav,Laughter Hi-Hat Flute
00d3bba3.wav,Laughter Hi-Hat Flute
00d40fa2.wav,Laughter Hi-Hat Flute
00d9fa61.wav,Laughter Hi-Hat Flute
00e2b4cd.wav,Laughter Hi-Hat Flute
00f88dc5.wav,Laughter Hi-Hat Flute
00fbb28b.wav,Laughter Hi-Hat Flute
00fcbab2.wav,Laughter Hi-Hat Flute
01a36643.wav,Laughter Hi-Hat Flute
01a39e95.wav,Laughter Hi-Hat Flute
01a59a61.wav,Laughter Hi-Hat Flute
01a59c11.wav,Laughter Hi-Hat Flute
01a5dc85.wav,Laughter Hi-Hat Flute
01b9f44a.wav,Laughter Hi-Hat Flute
01c2f88b.wav,Laughter Hi-Hat Flute
01d2475c.wav,Laughter Hi-Hat Flute
01d4dafd.wav,Laughter Hi-Hat Flute
01df7ada.wav,Laughter Hi-Hat Flute
01e723f5.wav,Laughter Hi-Hat Flute
01ec7a01.wav,Laughter Hi-Hat Flute
01ee18fd.wav,Laughter Hi-Hat Flute
01f2e70b.wav,Laughter Hi-Hat Flute
01fc4661.wav,Laughter Hi-Hat Flute
02a3243a.wav,Laughter Hi-Hat Flute
02ac1057.wav,Laughter Hi-Hat Flute
02c095b4.wav,Laughter Hi-Hat Flute
02c9a1f1.wav,Laughter Hi-Hat Flute
02d367e4.wav,Laughter Hi-Hat Flute
02d6b747.wav,Laughter Hi-Hat Flute
02d7fba3.wav,Laughter Hi-Hat Flute
02dbfc78.wav,Laughter Hi-Hat Flute
02e9392e.wav,Laughter Hi-Hat Flute
02eed858.wav,Laughter Hi-Hat Flute
02f8e94d.wav,Laughter Hi-Hat Flute
03a01285.wav,Laughter Hi-Hat Flute
03b4aca1.wav,Laughter Hi-Hat Flute
03bb1c33.wav,Laughter Hi-Hat Flute
03bc8fbc.wav,Laughter Hi-Hat Flute
03cd971f.wav,Laughter Hi-Hat Flute
03d00f38.wav,Laughter Hi-Hat Flute
03d42e2e.wav,Laughter Hi-Hat Flute
03e13ae7.wav,Laughter Hi-Hat Flute
03e88255.wav,Laughter Hi-Hat Flute
03e9765d.wav,Laughter Hi-Hat Flute
03ed9ba8.wav,Laughter Hi-Hat Flute
03f38c68.wav,Laughter Hi-Hat Flute
03fc1f96.wav,Laughter Hi-Hat Flute
04a19a27.wav,Laughter Hi-Hat Flute
04a7003c.wav,Laughter Hi-Hat Flute
04ab05a7.wav,Laughter Hi-Hat Flute
04ad9aa5.wav,Laughter Hi-Hat Flute
04b4009f.wav,Laughter Hi-Hat Flute
04b9a79a.wav,Laughter Hi-Hat Flute
04cce777.wav,Laughter Hi-Hat Flute
04d0cae4.wav,Laughter Hi-Hat Flute
04d33fe7.wav,Laughter Hi-Hat Flute
04e82f46.wav,Laughter Hi-Hat Flute
04e8596a.wav,Laughter Hi-Hat Flute
0a037e96.wav,Laughter Hi-Hat Flute
0a0a8d4c.wav,Laughter Hi-Hat Flute
0a15b36b.wav,Laughter Hi-Hat Flute
0a277f11.wav,Laughter Hi-Hat Flute
0a2a5c05.wav,Laughter Hi-Hat Flute
0a2b4c80.wav,Laughter Hi-Hat Flute
0a32271b.wav,Laughter Hi-Hat Flute
0a366772.wav,Laughter Hi-Hat Flute
0a484e9f.wav,Laughter Hi-Hat Flute
0a49afad.wav,Laughter Hi-Hat Flute
0a54c770.wav,Laughter Hi-Hat Flute
0a6bba04.wav,Laughter Hi-Hat Flute
0a6dbf2c.wav,Laughter Hi-Hat Flute
0a82b4d6.wav,Laughter Hi-Hat Flute
0a8ac55d.wav,Laughter Hi-Hat Flute
0a8d300c.wav,Laughter Hi-Hat Flute
0a925754.wav,Laughter Hi-Hat Flute
0a98104d.wav,Laughter Hi-Hat Flute
0aa17642.wav,Laughter Hi-Hat Flute
0aa32376.wav,Laughter Hi-Hat Flute
0aa7edd0.wav,Laughter Hi-Hat Flute
0aab722d.wav,Laughter Hi-Hat Flute
0aad0a16.wav,Laughter Hi-Hat Flute
0aaed52b.wav,Laughter Hi-Hat Flute
0ac443ad.wav,Laughter Hi-Hat Flute
0ac83c13.wav,Laughter Hi-Hat Flute
0acba147.wav,Laughter Hi-Hat Flute
0ad0bf22.wav,Laughter Hi-Hat Flute
0ad5618e.wav,Laughter Hi-Hat Flute
0ad666e3.wav,Laughter Hi-Hat Flute
0ade0819.wav,Laughter Hi-Hat Flute
0af32053.wav,Laughter Hi-Hat Flute
0afca134.wav,Laughter Hi-Hat Flute
0afcf36b.wav,Laughter Hi-Hat Flute
0aff3cde.wav,Laughter Hi-Hat Flute
0b05208c.wav,Laughter Hi-Hat Flute
0b142b38.wav,Laughter Hi-Hat Flute
0b1f22c3.wav,Laughter Hi-Hat Flute
0b2a3ef0.wav,Laughter Hi-Hat Flute
0b3636e4.wav,Laughter Hi-Hat Flute
0b3c0588.wav,Laughter Hi-Hat Flute
0b3d7a19.wav,Laughter Hi-Hat Flute
0b436682.wav,Laughter Hi-Hat Flute
0b489adc.wav,Laughter Hi-Hat Flute
0b4dc8fc.wav,Laughter Hi-Hat Flute
0b5b6734.wav,Laughter Hi-Hat Flute
0b5dd555.wav,Laughter Hi-Hat Flute
0b5ea11d.wav,Laughter Hi-Hat Flute
0b6ac630.wav,Laughter Hi-Hat Flute
0b6fba96.wav,Laughter Hi-Hat Flute
0b7044b0.wav,Laughter Hi-Hat Flute
0b74f0da.wav,Laughter Hi-Hat Flute
0b7aa40a.wav,Laughter Hi-Hat Flute
0b7f8989.wav,Laughter Hi-Hat Flute
0b80f560.wav,Laughter Hi-Hat Flute
0b82b3a5.wav,Laughter Hi-Hat Flute
0b914d51.wav,Laughter Hi-Hat Flute
0b92a7e0.wav,Laughter Hi-Hat Flute
0b95a1b5.wav,Laughter Hi-Hat Flute
0b9904c1.wav,Laughter Hi-Hat Flute
0ba6976e.wav,Laughter Hi-Hat Flute
0ba8bcc2.wav,Laughter Hi-Hat Flute
0ba927cd.wav,Laughter Hi-Hat Flute
0bab86ae.wav,Laughter Hi-Hat Flute
0bb6b85a.wav,Laughter Hi-Hat Flute
0bc522f3.wav,Laughter Hi-Hat Flute
0bca94ec.wav,Laughter Hi-Hat Flute
0bd9f47b.wav,Laughter Hi-Hat Flute
0bdef4f9.wav,Laughter Hi-Hat Flute
0be0fbaa.wav,Laughter Hi-Hat Flute
0be246ba.wav,Laughter Hi-Hat Flute
0be52cd7.wav,Laughter Hi-Hat Flute
0bf505c1.wav,Laughter Hi-Hat Flute
0bfdf35b.wav,Laughter Hi-Hat Flute
0c080361.wav,Laughter Hi-Hat Flute
0c0f796c.wav,Laughter Hi-Hat Flute
0c118aaa.wav,Laughter Hi-Hat Flute
0c27360a.wav,Laughter Hi-Hat Flute
0c28638b.wav,Laughter Hi-Hat Flute
0c2f1a54.wav,Laughter Hi-Hat Flute
0c3044b3.wav,Laughter Hi-Hat Flute
0c364094.wav,Laughter Hi-Hat Flute
0c36c39a.wav,Laughter Hi-Hat Flute
0c3bdc12.wav,Laughter Hi-Hat Flute
0c3cba8b.wav,Laughter Hi-Hat Flute
0c3e92c7.wav,Laughter Hi-Hat Flute
0c4948ba.wav,Laughter Hi-Hat Flute
0c4f2a87.wav,Laughter Hi-Hat Flute
0c547bc4.wav,Laughter Hi-Hat Flute
0c66ddcb.wav,Laughter Hi-Hat Flute
0c67f402.wav,Laughter Hi-Hat Flute
0c6a3500.wav,Laughter Hi-Hat Flute
0c6ec89a.wav,Laughter Hi-Hat Flute
0c7ae294.wav,Laughter Hi-Hat Flute
0c7eb4eb.wav,Laughter Hi-Hat Flute
0c9abd6a.wav,Laughter Hi-Hat Flute
0ca8b59b.wav,Laughter Hi-Hat Flute
0cafd32f.wav,Laughter Hi-Hat Flute
0cb7fc83.wav,Laughter Hi-Hat Flute
0cbfebc7.wav,Laughter Hi-Hat Flute
0cc4c3b7.wav,Laughter Hi-Hat Flute
0ccf0903.wav,Laughter Hi-Hat Flute
0cdfa126.wav,Laughter Hi-Hat Flute
0ce9b7a0.wav,Laughter Hi-Hat Flute
0cea4550.wav,Laughter Hi-Hat Flute
0cec67d2.wav,Laughter Hi-Hat Flute
0ceed74d.wav,Laughter Hi-Hat Flute
0d0c7375.wav,Laughter Hi-Hat Flute
0d0d1b88.wav,Laughter Hi-Hat Flute
0d0d648b.wav,Laughter Hi-Hat Flute
0d1cb966.wav,Laughter Hi-Hat Flute
0d2047b5.wav,Laughter Hi-Hat Flute
0d30af2b.wav,Laughter Hi-Hat Flute
0d3d36f5.wav,Laughter Hi-Hat Flute
0d481dea.wav,Laughter Hi-Hat Flute
0d649d1b.wav,Laughter Hi-Hat Flute
0d661b19.wav,Laughter Hi-Hat Flute
0d694b51.wav,Laughter Hi-Hat Flute
0d6bb959.wav,Laughter Hi-Hat Flute
0d74110a.wav,Laughter Hi-Hat Flute
0d79765a.wav,Laughter Hi-Hat Flute
0d8012f4.wav,Laughter Hi-Hat Flute
0d804b40.wav,Laughter Hi-Hat Flute
0d9b9a20.wav,Laughter Hi-Hat Flute
0d9f6c10.wav,Laughter Hi-Hat Flute
0da0c554.wav,Laughter Hi-Hat Flute
0da527a6.wav,Laughter Hi-Hat Flute
0da86798.wav,Laughter Hi-Hat Flute
0db954fa.wav,Laughter Hi-Hat Flute
0dbdffe2.wav,Laughter Hi-Hat Flute
0dc26ae9.wav,Laughter Hi-Hat Flute
0dd326ca.wav,Laughter Hi-Hat Flute
0dd54f1f.wav,Laughter Hi-Hat Flute
0ddb4bdf.wav,Laughter Hi-Hat Flute
0de99488.wav,Laughter Hi-Hat Flute
0ded93ce.wav,Laughter Hi-Hat Flute
0dfcedf6.wav,Laughter Hi-Hat Flute
0e19ed55.wav,Laughter Hi-Hat Flute
0e2ec031.wav,Laughter Hi-Hat Flute
0e2fbeb8.wav,Laughter Hi-Hat Flute
0e32c361.wav,Laughter Hi-Hat Flute
0e3aa5cf.wav,Laughter Hi-Hat Flute
0e4372d4.wav,Laughter Hi-Hat Flute
0e439e01.wav,Laughter Hi-Hat Flute
0e451691.wav,Laughter Hi-Hat Flute
0e4583d5.wav,Laughter Hi-Hat Flute
0e51f1d0.wav,Laughter Hi-Hat Flute
0e544eb8.wav,Laughter Hi-Hat Flute
0e5c9ed0.wav,Laughter Hi-Hat Flute
0e5cab29.wav,Laughter Hi-Hat Flute
0e630318.wav,Laughter Hi-Hat Flute
0e645225.wav,Laughter Hi-Hat Flute
0e6e1f35.wav,Laughter Hi-Hat Flute
0e7622f0.wav,Laughter Hi-Hat Flute
0e7cd4eb.wav,Laughter Hi-Hat Flute
0e7f9fdb.wav,Laughter Hi-Hat Flute
0e89fb66.wav,Laughter Hi-Hat Flute
0e974517.wav,Laughter Hi-Hat Flute
0e979b8c.wav,Laughter Hi-Hat Flute
0e9cb14e.wav,Laughter Hi-Hat Flute
0ea3dbaf.wav,Laughter Hi-Hat Flute
0eb63f5a.wav,Laughter Hi-Hat Flute
0ec012fc.wav,Laughter Hi-Hat Flute
0ecb56ad.wav,Laughter Hi-Hat Flute
0ed06544.wav,Laughter Hi-Hat Flute
0ede064f.wav,Laughter Hi-Hat Flute
0ee42262.wav,Laughter Hi-Hat Flute
0eeaebcb.wav,Laughter Hi-Hat Flute
0ef9a602.wav,Laughter Hi-Hat Flute
0f01e836.wav,Laughter Hi-Hat Flute
0f18c55b.wav,Laughter Hi-Hat Flute
0f1a5928.wav,Laughter Hi-Hat Flute
0f1dbff5.wav,Laughter Hi-Hat Flute
0f23d7e4.wav,Laughter Hi-Hat Flute
0f274e7a.wav,Laughter Hi-Hat Flute
0f2903db.wav,Laughter Hi-Hat Flute
0f2ab678.wav,Laughter Hi-Hat Flute
0f34d08e.wav,Laughter Hi-Hat Flute
0f36e49a.wav,Laughter Hi-Hat Flute
0f444884.wav,Laughter Hi-Hat Flute
0f5286d1.wav,Laughter Hi-Hat Flute
0f53ac39.wav,Laughter Hi-Hat Flute
0f5c62dd.wav,Laughter Hi-Hat Flute
0f6e2a63.wav,Laughter Hi-Hat Flute
0f70f92f.wav,Laughter Hi-Hat Flute
0f72651c.wav,Laughter Hi-Hat Flute
0f7f0d86.wav,Laughter Hi-Hat Flute
0f936928.wav,Laughter Hi-Hat Flute
0f958ff0.wav,Laughter Hi-Hat Flute
0f96c40d.wav,Laughter Hi-Hat Flute
0fa3ee45.wav,Laughter Hi-Hat Flute
0fa61324.wav,Laughter Hi-Hat Flute
0fafb777.wav,Laughter Hi-Hat Flute
0fb0c2e1.wav,Laughter Hi-Hat Flute
0fb464cf.wav,Laughter Hi-Hat Flute
0fc39673.wav,Laughter Hi-Hat Flute
0fcdc341.wav,Laughter Hi-Hat Flute
0fd52405.wav,Laughter Hi-Hat Flute
0fe6c47d.wav,Laughter Hi-Hat Flute
0ff26813.wav,Laughter Hi-Hat Flute
0ff3a423.wav,Laughter Hi-Hat Flute
0ff4262d.wav,Laughter Hi-Hat Flute
0ff6fdf5.wav,Laughter Hi-Hat Flute
0ffff94f.wav,Laughter Hi-Hat Flute
1a132a81.wav,Laughter Hi-Hat Flute
1a13793b.wav,Laughter Hi-Hat Flute
1a15e4f1.wav,Laughter Hi-Hat Flute
1a16ebfd.wav,Laughter Hi-Hat Flute
1a1cc850.wav,Laughter Hi-Hat Flute
1a2deaa1.wav,Laughter Hi-Hat Flute
1a4a4ebe.wav,Laughter Hi-Hat Flute
1a5f1f24.wav,Laughter Hi-Hat Flute
1a6cd0d1.wav,Laughter Hi-Hat Flute
1a6fce36.wav,Laughter Hi-Hat Flute
1a707aaf.wav,Laughter Hi-Hat Flute
1a756532.wav,Laughter Hi-Hat Flute
1a7af185.wav,Laughter Hi-Hat Flute
1a7d3f2d.wav,Laughter Hi-Hat Flute
1a7eb9da.wav,Laughter Hi-Hat Flute
1a86eff7.wav,Laughter Hi-Hat Flute
1a8b216e.wav,Laughter Hi-Hat Flute
1a8cc87a.wav,Laughter Hi-Hat Flute
1a94ef89.wav,Laughter Hi-Hat Flute
1a9d2862.wav,Laughter Hi-Hat Flute
1aa5b354.wav,Laughter Hi-Hat Flute
1aa9698c.wav,Laughter Hi-Hat Flute
1aaceb5f.wav,Laughter Hi-Hat Flute
1aae0429.wav,Laughter Hi-Hat Flute
1ab80336.wav,Laughter Hi-Hat Flute
1abba907.wav,Laughter Hi-Hat Flute
1ac389e0.wav,Laughter Hi-Hat Flute
1ac7c47a.wav,Laughter Hi-Hat Flute
1ac81bb0.wav,Laughter Hi-Hat Flute
1adb85b7.wav,Laughter Hi-Hat Flute
1ae3d076.wav,Laughter Hi-Hat Flute
1ae4605c.wav,Laughter Hi-Hat Flute
1ae93472.wav,Laughter Hi-Hat Flute
1aecb8bf.wav,Laughter Hi-Hat Flute
1b052de5.wav,Laughter Hi-Hat Flute
1b17feba.wav,Laughter Hi-Hat Flute
1b1e809b.wav,Laughter Hi-Hat Flute
1b246359.wav,Laughter Hi-Hat Flute
1b24c166.wav,Laughter Hi-Hat Flute
1b2cc49c.wav,Laughter Hi-Hat Flute
1b2d8997.wav,Laughter Hi-Hat Flute
1b322081.wav,Laughter Hi-Hat Flute
1b34065d.wav,Laughter Hi-Hat Flute
1b35f18e.wav,Laughter Hi-Hat Flute
1b3b537f.wav,Laughter Hi-Hat Flute
1b43bbe6.wav,Laughter Hi-Hat Flute
1b5d4f7c.wav,Laughter Hi-Hat Flute
1b643c7f.wav,Laughter Hi-Hat Flute
1b66a9f0.wav,Laughter Hi-Hat Flute
1b738acd.wav,Laughter Hi-Hat Flute
1b73bbfd.wav,Laughter Hi-Hat Flute
1b7b6f2d.wav,Laughter Hi-Hat Flute
1b813314.wav,Laughter Hi-Hat Flute
1b8986df.wav,Laughter Hi-Hat Flute
1b8de009.wav,Laughter Hi-Hat Flute
1b8de5c7.wav,Laughter Hi-Hat Flute
1b9109be.wav,Laughter Hi-Hat Flute
1b9386ef.wav,Laughter Hi-Hat Flute
1b93aeba.wav,Laughter Hi-Hat Flute
1b93b53c.wav,Laughter Hi-Hat Flute
1b97c39a.wav,Laughter Hi-Hat Flute
1b9c5af1.wav,Laughter Hi-Hat Flute
1b9ea226.wav,Laughter Hi-Hat Flute
1bbdae38.wav,Laughter Hi-Hat Flute
1bc55c17.wav,Laughter Hi-Hat Flute
1bc8eae1.wav,Laughter Hi-Hat Flute
1bcb3c6f.wav,Laughter Hi-Hat Flute
1bcf0664.wav,Laughter Hi-Hat Flute
1bd3ba0b.wav,Laughter Hi-Hat Flute
1bda949f.wav,Laughter Hi-Hat Flute
1bdc4940.wav,Laughter Hi-Hat Flute
1bec87d9.wav,Laughter Hi-Hat Flute
1bf70cc6.wav,Laughter Hi-Hat Flute
1bf859a7.wav,Laughter Hi-Hat Flute
1c0d5682.wav,Laughter Hi-Hat Flute
1c133d0e.wav,Laughter Hi-Hat Flute
1c189121.wav,Laughter Hi-Hat Flute
1c2b5b18.wav,Laughter Hi-Hat Flute
1c3b4067.wav,Laughter Hi-Hat Flute
1c3b61c8.wav,Laughter Hi-Hat Flute
1c3d00bf.wav,Laughter Hi-Hat Flute
1c3e1a54.wav,Laughter Hi-Hat Flute
1c3ed083.wav,Laughter Hi-Hat Flute
1c4c0a51.wav,Laughter Hi-Hat Flute
1c4d9c4c.wav,Laughter Hi-Hat Flute
1c520cae.wav,Laughter Hi-Hat Flute
1c590c46.wav,Laughter Hi-Hat Flute
1c603b9f.wav,Laughter Hi-Hat Flute
1c67a5b9.wav,Laughter Hi-Hat Flute
1c6b07b8.wav,Laughter Hi-Hat Flute
1c720526.wav,Laughter Hi-Hat Flute
1c76a229.wav,Laughter Hi-Hat Flute
1c78595a.wav,Laughter Hi-Hat Flute
1c8943c0.wav,Laughter Hi-Hat Flute
1c8cddc2.wav,Laughter Hi-Hat Flute
1c9a423f.wav,Laughter Hi-Hat Flute
1ca0bd2f.wav,Laughter Hi-Hat Flute
1ca4d107.wav,Laughter Hi-Hat Flute
1cc13604.wav,Laughter Hi-Hat Flute
1cc55db4.wav,Laughter Hi-Hat Flute
1cccb873.wav,Laughter Hi-Hat Flute
1cd6919e.wav,Laughter Hi-Hat Flute
1ce38807.wav,Laughter Hi-Hat Flute
1ce4a00e.wav,Laughter Hi-Hat Flute
1ce70b78.wav,Laughter Hi-Hat Flute
1ced478c.wav,Laughter Hi-Hat Flute
1cf3ee46.wav,Laughter Hi-Hat Flute
1d08bd6d.wav,Laughter Hi-Hat Flute
1d0c860b.wav,Laughter Hi-Hat Flute
1d119cfc.wav,Laughter Hi-Hat Flute
1d1d0d72.wav,Laughter Hi-Hat Flute
1d23c74b.wav,Laughter Hi-Hat Flute
1d23fb6d.wav,Laughter Hi-Hat Flute
1d24518b.wav,Laughter Hi-Hat Flute
1d26c5e5.wav,Laughter Hi-Hat Flute
1d2808dd.wav,Laughter Hi-Hat Flute
1d28b9cb.wav,Laughter Hi-Hat Flute
1d395faa.wav,Laughter Hi-Hat Flute
1d3a05ab.wav,Laughter Hi-Hat Flute
1d491960.wav,Laughter Hi-Hat Flute
1d542616.wav,Laughter Hi-Hat Flute
1d5a6f5f.wav,Laughter Hi-Hat Flute
1d5d63d1.wav,Laughter Hi-Hat Flute
1d73907a.wav,Laughter Hi-Hat Flute
1d8502f5.wav,Laughter Hi-Hat Flute
1d85524c.wav,Laughter Hi-Hat Flute
1d95d110.wav,Laughter Hi-Hat Flute
1da79249.wav,Laughter Hi-Hat Flute
1db1b17c.wav,Laughter Hi-Hat Flute
1dbb4e4b.wav,Laughter Hi-Hat Flute
1dbc08fd.wav,Laughter Hi-Hat Flute
1dc3679a.wav,Laughter Hi-Hat Flute
1dc66b7b.wav,Laughter Hi-Hat Flute
1de324d8.wav,Laughter Hi-Hat Flute
1de37a8c.wav,Laughter Hi-Hat Flute
1decc778.wav,Laughter Hi-Hat Flute
1df13521.wav,Laughter Hi-Hat Flute
1df3177c.wav,Laughter Hi-Hat Flute
1df78287.wav,Laughter Hi-Hat Flute
1dfbcb5e.wav,Laughter Hi-Hat Flute
1dfc889a.wav,Laughter Hi-Hat Flute
1e0b5758.wav,Laughter Hi-Hat Flute
1e0c7af2.wav,Laughter Hi-Hat Flute
1e0d7652.wav,Laughter Hi-Hat Flute
1e10d3fc.wav,Laughter Hi-Hat Flute
1e15cc3b.wav,Laughter Hi-Hat Flute
1e1c1a81.wav,Laughter Hi-Hat Flute
1e227aa6.wav,Laughter Hi-Hat Flute
1e275fbc.wav,Laughter Hi-Hat Flute
1e2f6175.wav,Laughter Hi-Hat Flute
1e32bea6.wav,Laughter Hi-Hat Flute
1e3391d5.wav,Laughter Hi-Hat Flute
1e3b4f4a.wav,Laughter Hi-Hat Flute
1e55de2b.wav,Laughter Hi-Hat Flute
1e5fd361.wav,Laughter Hi-Hat Flute
1e66d094.wav,Laughter Hi-Hat Flute
1e68cc14.wav,Laughter Hi-Hat Flute
1e6d0052.wav,Laughter Hi-Hat Flute
1e6f1fbe.wav,Laughter Hi-Hat Flute
1e87e47d.wav,Laughter Hi-Hat Flute
1e8ffcc9.wav,Laughter Hi-Hat Flute
1e93f880.wav,Laughter Hi-Hat Flute
1e9c1292.wav,Laughter Hi-Hat Flute
1e9f2a00.wav,Laughter Hi-Hat Flute
1eb9d116.wav,Laughter Hi-Hat Flute
1ebdc0b5.wav,Laughter Hi-Hat Flute
1ec7f0f3.wav,Laughter Hi-Hat Flute
1ec8fe10.wav,Laughter Hi-Hat Flute
1ecb52f9.wav,Laughter Hi-Hat Flute
1eddce43.wav,Laughter Hi-Hat Flute
1ee63598.wav,Laughter Hi-Hat Flute
1ee68efd.wav,Laughter Hi-Hat Flute
1ef88b6d.wav,Laughter Hi-Hat Flute
1efe03bd.wav,Laughter Hi-Hat Flute
1f00f903.wav,Laughter Hi-Hat Flute
1f0346ff.wav,Laughter Hi-Hat Flute
1f095666.wav,Laughter Hi-Hat Flute
1f15840d.wav,Laughter Hi-Hat Flute
1f2354e3.wav,Laughter Hi-Hat Flute
1f250488.wav,Laughter Hi-Hat Flute
1f2d8967.wav,Laughter Hi-Hat Flute
1f44f184.wav,Laughter Hi-Hat Flute
1f4a7bfe.wav,Laughter Hi-Hat Flute
1f4c37a7.wav,Laughter Hi-Hat Flute
1f51ed51.wav,Laughter Hi-Hat Flute
1f54df61.wav,Laughter Hi-Hat Flute
1f60810c.wav,Laughter Hi-Hat Flute
1f641b71.wav,Laughter Hi-Hat Flute
1f743685.wav,Laughter Hi-Hat Flute
1f75e82e.wav,Laughter Hi-Hat Flute
1f81cc2b.wav,Laughter Hi-Hat Flute
1f83b349.wav,Laughter Hi-Hat Flute
1f946a29.wav,Laughter Hi-Hat Flute
1f9b86a0.wav,Laughter Hi-Hat Flute
1fac40bb.wav,Laughter Hi-Hat Flute
1fbe6ff3.wav,Laughter Hi-Hat Flute
1fca082d.wav,Laughter Hi-Hat Flute
1fcfb5e3.wav,Laughter Hi-Hat Flute
1fd04e89.wav,Laughter Hi-Hat Flute
1fd57590.wav,Laughter Hi-Hat Flute
1fd823bd.wav,Laughter Hi-Hat Flute
1fda17e4.wav,Laughter Hi-Hat Flute
1fe6c74f.wav,Laughter Hi-Hat Flute
1fee5016.wav,Laughter Hi-Hat Flute
1ff0766e.wav,Laughter Hi-Hat Flute
1ff2689f.wav,Laughter Hi-Hat Flute
1ff53ee9.wav,Laughter Hi-Hat Flute
1ff5a0be.wav,Laughter Hi-Hat Flute
2a069951.wav,Laughter Hi-Hat Flute
2a1540b1.wav,Laughter Hi-Hat Flute
2a180be4.wav,Laughter Hi-Hat Flute
2a3087ed.wav,Laughter Hi-Hat Flute
2a3b0b61.wav,Laughter Hi-Hat Flute
2a4aa95d.wav,Laughter Hi-Hat Flute
2a4d4883.wav,Laughter Hi-Hat Flute
2a55208f.wav,Laughter Hi-Hat Flute
2a559a5d.wav,Laughter Hi-Hat Flute
2a5dd0de.wav,Laughter Hi-Hat Flute
2a682d6b.wav,Laughter Hi-Hat Flute
2a72b20b.wav,Laughter Hi-Hat Flute
2a756789.wav,Laughter Hi-Hat Flute
2a85260b.wav,Laughter Hi-Hat Flute
2a871432.wav,Laughter Hi-Hat Flute
2a8f8f85.wav,Laughter Hi-Hat Flute
2a905697.wav,Laughter Hi-Hat Flute
2a933c1e.wav,Laughter Hi-Hat Flute
2a9c3044.wav,Laughter Hi-Hat Flute
2aa94643.wav,Laughter Hi-Hat Flute
2aac13ec.wav,Laughter Hi-Hat Flute
2aad886a.wav,Laughter Hi-Hat Flute
2aafe190.wav,Laughter Hi-Hat Flute
2ab81fda.wav,Laughter Hi-Hat Flute
2ac8b94f.wav,Laughter Hi-Hat Flute
2accbe0b.wav,Laughter Hi-Hat Flute
2ad59d34.wav,Laughter Hi-Hat Flute
2ae249e8.wav,Laughter Hi-Hat Flute
2ae34e2b.wav,Laughter Hi-Hat Flute
2af48f93.wav,Laughter Hi-Hat Flute
2af5172d.wav,Laughter Hi-Hat Flute
2af5749f.wav,Laughter Hi-Hat Flute
2afcc575.wav,Laughter Hi-Hat Flute
2b0c0c90.wav,Laughter Hi-Hat Flute
2b13754b.wav,Laughter Hi-Hat Flute
2b16db4d.wav,Laughter Hi-Hat Flute
2b188948.wav,Laughter Hi-Hat Flute
2b1ed909.wav,Laughter Hi-Hat Flute
2b2e2b89.wav,Laughter Hi-Hat Flute
2b315768.wav,Laughter Hi-Hat Flute
2b38712f.wav,Laughter Hi-Hat Flute
2b3a50a7.wav,Laughter Hi-Hat Flute
2b4524a7.wav,Laughter Hi-Hat Flute
2b45991a.wav,Laughter Hi-Hat Flute
2b49c53e.wav,Laughter Hi-Hat Flute
2b4e910e.wav,Laughter Hi-Hat Flute
2b6f431f.wav,Laughter Hi-Hat Flute
2b74a334.wav,Laughter Hi-Hat Flute
2b8b0191.wav,Laughter Hi-Hat Flute
2b8fe91f.wav,Laughter Hi-Hat Flute
2b91a0e6.wav,Laughter Hi-Hat Flute
2bad79b1.wav,Laughter Hi-Hat Flute
2bb21942.wav,Laughter Hi-Hat Flute
2bb58e63.wav,Laughter Hi-Hat Flute
2bc133ee.wav,Laughter Hi-Hat Flute
2bc640e0.wav,Laughter Hi-Hat Flute
2bc7287e.wav,Laughter Hi-Hat Flute
2bc84744.wav,Laughter Hi-Hat Flute
2bd764ef.wav,Laughter Hi-Hat Flute
2bfa6330.wav,Laughter Hi-Hat Flute
2bfa9616.wav,Laughter Hi-Hat Flute
2c017b88.wav,Laughter Hi-Hat Flute
2c049598.wav,Laughter Hi-Hat Flute
2c0b1898.wav,Laughter Hi-Hat Flute
2c0e354c.wav,Laughter Hi-Hat Flute
2c1acd4e.wav,Laughter Hi-Hat Flute
2c1af1c2.wav,Laughter Hi-Hat Flute
2c1f9f7a.wav,Laughter Hi-Hat Flute
2c228548.wav,Laughter Hi-Hat Flute
2c264a9c.wav,Laughter Hi-Hat Flute
2c28923e.wav,Laughter Hi-Hat Flute
2c35f941.wav,Laughter Hi-Hat Flute
2c3d4bb8.wav,Laughter Hi-Hat Flute
2c4018ad.wav,Laughter Hi-Hat Flute
2c42b48b.wav,Laughter Hi-Hat Flute
2c4735d7.wav,Laughter Hi-Hat Flute
2c4b3304.wav,Laughter Hi-Hat Flute
2c5448df.wav,Laughter Hi-Hat Flute
2c560330.wav,Laughter Hi-Hat Flute
2c5bc41f.wav,Laughter Hi-Hat Flute
2c6f7a58.wav,Laughter Hi-Hat Flute
2c735fc5.wav,Laughter Hi-Hat Flute
2c75674b.wav,Laughter Hi-Hat Flute
2c75e086.wav,Laughter Hi-Hat Flute
2c7de292.wav,Laughter Hi-Hat Flute
2c81e1ce.wav,Laughter Hi-Hat Flute
2c8e1436.wav,Laughter Hi-Hat Flute
2c98dea1.wav,Laughter Hi-Hat Flute
2cb63f61.wav,Laughter Hi-Hat Flute
2cbf4f64.wav,Laughter Hi-Hat Flute
2cc24acc.wav,Laughter Hi-Hat Flute
2cc2a170.wav,Laughter Hi-Hat Flute
2cc4c06d.wav,Laughter Hi-Hat Flute
2cc8683d.wav,Laughter Hi-Hat Flute
2ccaafbb.wav,Laughter Hi-Hat Flute
2cd3efb6.wav,Laughter Hi-Hat Flute
2cdffbef.wav,Laughter Hi-Hat Flute
2ce40b6e.wav,Laughter Hi-Hat Flute
2cea0b5c.wav,Laughter Hi-Hat Flute
2ced5885.wav,Laughter Hi-Hat Flute
2cef6d07.wav,Laughter Hi-Hat Flute
2cf471ed.wav,Laughter Hi-Hat Flute
2cfa4764.wav,Laughter Hi-Hat Flute
2d189f89.wav,Laughter Hi-Hat Flute
2d1a30c9.wav,Laughter Hi-Hat Flute
2d1c5686.wav,Laughter Hi-Hat Flute
2d1d4fab.wav,Laughter Hi-Hat Flute
2d25bab6.wav,Laughter Hi-Hat Flute
2d26925a.wav,Laughter Hi-Hat Flute
2d2ad4e4.wav,Laughter Hi-Hat Flute
2d30cfe6.wav,Laughter Hi-Hat Flute
2d336768.wav,Laughter Hi-Hat Flute
2d3e9e2a.wav,Laughter Hi-Hat Flute
2d455eca.wav,Laughter Hi-Hat Flute
2d46507b.wav,Laughter Hi-Hat Flute
2d4e60bd.wav,Laughter Hi-Hat Flute
2d6570ce.wav,Laughter Hi-Hat Flute
2d682737.wav,Laughter Hi-Hat Flute
2d73f565.wav,Laughter Hi-Hat Flute
2d871232.wav,Laughter Hi-Hat Flute
2d88dcef.wav,Laughter Hi-Hat Flute
2d8fd57d.wav,Laughter Hi-Hat Flute
2d928ec4.wav,Laughter Hi-Hat Flute
2d9fcebb.wav,Laughter Hi-Hat Flute
2da9e12a.wav,Laughter Hi-Hat Flute
2dac4861.wav,Laughter Hi-Hat Flute
2dad641c.wav,Laughter Hi-Hat Flute
2db1505d.wav,Laughter Hi-Hat Flute
2db1e842.wav,Laughter Hi-Hat Flute
2dbd5c4c.wav,Laughter Hi-Hat Flute
2dcca85f.wav,Laughter Hi-Hat Flute
2de7d3df.wav,Laughter Hi-Hat Flute
2df01d41.wav,Laughter Hi-Hat Flute
2e0af9de.wav,Laughter Hi-Hat Flute
2e10afe3.wav,Laughter Hi-Hat Flute
2e150054.wav,Laughter Hi-Hat Flute
2e16c417.wav,Laughter Hi-Hat Flute
2e1973a4.wav,Laughter Hi-Hat Flute
2e1bce45.wav,Laughter Hi-Hat Flute
2e1cd085.wav,Laughter Hi-Hat Flute
2e270b74.wav,Laughter Hi-Hat Flute
2e2f1a7e.wav,Laughter Hi-Hat Flute
2e2fa0bf.wav,Laughter Hi-Hat Flute
2e35864b.wav,Laughter Hi-Hat Flute
2e404b8b.wav,Laughter Hi-Hat Flute
2e48021d.wav,Laughter Hi-Hat Flute
2e4a9850.wav,Laughter Hi-Hat Flute
2e4b39f2.wav,Laughter Hi-Hat Flute
2e6df938.wav,Laughter Hi-Hat Flute
2e71ecec.wav,Laughter Hi-Hat Flute
2e762cca.wav,Laughter Hi-Hat Flute
2e7a4dc2.wav,Laughter Hi-Hat Flute
2e8579ad.wav,Laughter Hi-Hat Flute
2e8d6e34.wav,Laughter Hi-Hat Flute
2e95fa3d.wav,Laughter Hi-Hat Flute
2e97a149.wav,Laughter Hi-Hat Flute
2e992414.wav,Laughter Hi-Hat Flute
2ea318e7.wav,Laughter Hi-Hat Flute
2ea5702d.wav,Laughter Hi-Hat Flute
2eb1e5f9.wav,Laughter Hi-Hat Flute
2eb83a0b.wav,Laughter Hi-Hat Flute
2ed3c63d.wav,Laughter Hi-Hat Flute
2ed52423.wav,Laughter Hi-Hat Flute
2ed7a267.wav,Laughter Hi-Hat Flute
2ed838e9.wav,Laughter Hi-Hat Flute
2ee0f61c.wav,Laughter Hi-Hat Flute
2ee73a9d.wav,Laughter Hi-Hat Flute
2eeac352.wav,Laughter Hi-Hat Flute
2f06441d.wav,Laughter Hi-Hat Flute
2f17a4e8.wav,Laughter Hi-Hat Flute
2f1bb802.wav,Laughter Hi-Hat Flute
2f22d8b0.wav,Laughter Hi-Hat Flute
2f2429ad.wav,Laughter Hi-Hat Flute
2f2d2e7f.wav,Laughter Hi-Hat Flute
2f3515c2.wav,Laughter Hi-Hat Flute
2f3ba7ab.wav,Laughter Hi-Hat Flute
2f3ca1dc.wav,Laughter Hi-Hat Flute
2f45db21.wav,Laughter Hi-Hat Flute
2f4d09b2.wav,Laughter Hi-Hat Flute
2f4f25e0.wav,Laughter Hi-Hat Flute
2f50de25.wav,Laughter Hi-Hat Flute
2f5d12f2.wav,Laughter Hi-Hat Flute
2f5fe8ea.wav,Laughter Hi-Hat Flute
2f6c4dec.wav,Laughter Hi-Hat Flute
2f6f44fa.wav,Laughter Hi-Hat Flute
2f77f7c4.wav,Laughter Hi-Hat Flute
2f84b9ec.wav,Laughter Hi-Hat Flute
2f9c5f62.wav,Laughter Hi-Hat Flute
2fb2de13.wav,Laughter Hi-Hat Flute
2fb7c05e.wav,Laughter Hi-Hat Flute
2fbbe0d8.wav,Laughter Hi-Hat Flute
2fc00271.wav,Laughter Hi-Hat Flute
2fe59aa8.wav,Laughter Hi-Hat Flute
2fec3da6.wav,Laughter Hi-Hat Flute
2fec9eb7.wav,Laughter Hi-Hat Flute
2ffa79a0.wav,Laughter Hi-Hat Flute
3a0471fd.wav,Laughter Hi-Hat Flute
3a0e1a71.wav,Laughter Hi-Hat Flute
3a134223.wav,Laughter Hi-Hat Flute
3a151637.wav,Laughter Hi-Hat Flute
3a151889.wav,Laughter Hi-Hat Flute
3a1b2a66.wav,Laughter Hi-Hat Flute
3a2e4d2e.wav,Laughter Hi-Hat Flute
3a3d0279.wav,Laughter Hi-Hat Flute
3a3df080.wav,Laughter Hi-Hat Flute
3a40f0c7.wav,Laughter Hi-Hat Flute
3a42efbc.wav,Laughter Hi-Hat Flute
3a460182.wav,Laughter Hi-Hat Flute
3a48280f.wav,Laughter Hi-Hat Flute
3a49f221.wav,Laughter Hi-Hat Flute
3a4abb1d.wav,Laughter Hi-Hat Flute
3a55b826.wav,Laughter Hi-Hat Flute
3a58a282.wav,Laughter Hi-Hat Flute
3a6d46a7.wav,Laughter Hi-Hat Flute
3a77d7c4.wav,Laughter Hi-Hat Flute
3a7f4b9f.wav,Laughter Hi-Hat Flute
3a80061f.wav,Laughter Hi-Hat Flute
3a81bb6d.wav,Laughter Hi-Hat Flute
3a89d0e3.wav,Laughter Hi-Hat Flute
3a9085ca.wav,Laughter Hi-Hat Flute
3a90abf3.wav,Laughter Hi-Hat Flute
3a9f7224.wav,Laughter Hi-Hat Flute
3aadc6c2.wav,Laughter Hi-Hat Flute
3aafb6ad.wav,Laughter Hi-Hat Flute
3ab854dd.wav,Laughter Hi-Hat Flute
3abbfbc2.wav,Laughter Hi-Hat Flute
3abd9b8d.wav,Laughter Hi-Hat Flute
3abe8ab2.wav,Laughter Hi-Hat Flute
3ac0c9ea.wav,Laughter Hi-Hat Flute
3ac0e2ca.wav,Laughter Hi-Hat Flute
3ac277ba.wav,Laughter Hi-Hat Flute
3ac4653e.wav,Laughter Hi-Hat Flute
3acce964.wav,Laughter Hi-Hat Flute
3ad40d01.wav,Laughter Hi-Hat Flute
3ae08499.wav,Laughter Hi-Hat Flute
3ae76b24.wav,Laughter Hi-Hat Flute
3aeb3ecc.wav,Laughter Hi-Hat Flute
3af3565c.wav,Laughter Hi-Hat Flute
3b02b296.wav,Laughter Hi-Hat Flute
3b04a2b1.wav,Laughter Hi-Hat Flute
3b060741.wav,Laughter Hi-Hat Flute
3b0b9d26.wav,Laughter Hi-Hat Flute
3b0d3e23.wav,Laughter Hi-Hat Flute
3b0ed2e4.wav,Laughter Hi-Hat Flute
3b1d5657.wav,Laughter Hi-Hat Flute
3b3fbb8b.wav,Laughter Hi-Hat Flute
3b44e22f.wav,Laughter Hi-Hat Flute
3b466a76.wav,Laughter Hi-Hat Flute
3b50856f.wav,Laughter Hi-Hat Flute
3b56254e.wav,Laughter Hi-Hat Flute
3b577ca2.wav,Laughter Hi-Hat Flute
3b60c423.wav,Laughter Hi-Hat Flute
3b6b430a.wav,Laughter Hi-Hat Flute
3b72ed77.wav,Laughter Hi-Hat Flute
3b79f91e.wav,Laughter Hi-Hat Flute
3b802d90.wav,Laughter Hi-Hat Flute
3b842547.wav,Laughter Hi-Hat Flute
3b9d580c.wav,Laughter Hi-Hat Flute
3b9fd9e4.wav,Laughter Hi-Hat Flute
3ba2f20d.wav,Laughter Hi-Hat Flute
3bb61de8.wav,Laughter Hi-Hat Flute
3bbe245d.wav,Laughter Hi-Hat Flute
3bc32fc8.wav,Laughter Hi-Hat Flute
3bc4f95e.wav,Laughter Hi-Hat Flute
3bc50b52.wav,Laughter Hi-Hat Flute
3bcb442a.wav,Laughter Hi-Hat Flute
3bd02251.wav,Laughter Hi-Hat Flute
3bd11bdc.wav,Laughter Hi-Hat Flute
3bd38b39.wav,Laughter Hi-Hat Flute
3bd52441.wav,Laughter Hi-Hat Flute
3bd7b59c.wav,Laughter Hi-Hat Flute
3be44863.wav,Laughter Hi-Hat Flute
3beb7086.wav,Laughter Hi-Hat Flute
3bf2a899.wav,Laughter Hi-Hat Flute
3bfb1c63.wav,Laughter Hi-Hat Flute
3bff13fc.wav,Laughter Hi-Hat Flute
3c002b9b.wav,Laughter Hi-Hat Flute
3c04c85f.wav,Laughter Hi-Hat Flute
3c09352b.wav,Laughter Hi-Hat Flute
3c200451.wav,Laughter Hi-Hat Flute
3c204254.wav,Laughter Hi-Hat Flute
3c210ce3.wav,Laughter Hi-Hat Flute
3c239857.wav,Laughter Hi-Hat Flute
3c24b853.wav,Laughter Hi-Hat Flute
3c32e5d3.wav,Laughter Hi-Hat Flute
3c362989.wav,Laughter Hi-Hat Flute
3c45277d.wav,Laughter Hi-Hat Flute
3c45ae64.wav,Laughter Hi-Hat Flute
3c462bc9.wav,Laughter Hi-Hat Flute
3c4631c7.wav,Laughter Hi-Hat Flute
3c4762d7.wav,Laughter Hi-Hat Flute
3c4b21ac.wav,Laughter Hi-Hat Flute
3c55ce83.wav,Laughter Hi-Hat Flute
3c5bfea2.wav,Laughter Hi-Hat Flute
3c66098d.wav,Laughter Hi-Hat Flute
3c6610b0.wav,Laughter Hi-Hat Flute
3c68cd4b.wav,Laughter Hi-Hat Flute
3c694bfc.wav,Laughter Hi-Hat Flute
3c713bcf.wav,Laughter Hi-Hat Flute
3c71a915.wav,Laughter Hi-Hat Flute
3c731886.wav,Laughter Hi-Hat Flute
3c82d509.wav,Laughter Hi-Hat Flute
3c8323d0.wav,Laughter Hi-Hat Flute
3c87c17a.wav,Laughter Hi-Hat Flute
3c893bd5.wav,Laughter Hi-Hat Flute
3c8dc12d.wav,Laughter Hi-Hat Flute
3c966bb8.wav,Laughter Hi-Hat Flute
3c99d0bd.wav,Laughter Hi-Hat Flute
3c9aa9e8.wav,Laughter Hi-Hat Flute
3c9abefe.wav,Laughter Hi-Hat Flute
3c9b706e.wav,Laughter Hi-Hat Flute
3c9cc3d1.wav,Laughter Hi-Hat Flute
3ca0ecf2.wav,Laughter Hi-Hat Flute
3ca538bf.wav,Laughter Hi-Hat Flute
3ca7fb97.wav,Laughter Hi-Hat Flute
3cb083af.wav,Laughter Hi-Hat Flute
3cb73c84.wav,Laughter Hi-Hat Flute
3cbe9902.wav,Laughter Hi-Hat Flute
3cc6911c.wav,Laughter Hi-Hat Flute
3cd1b8b6.wav,Laughter Hi-Hat Flute
3cd67000.wav,Laughter Hi-Hat Flute
3ce200df.wav,Laughter Hi-Hat Flute
3d0b0e35.wav,Laughter Hi-Hat Flute
3d2641e5.wav,Laughter Hi-Hat Flute
3d2cbf1e.wav,Laughter Hi-Hat Flute
3d2fd74b.wav,Laughter Hi-Hat Flute
3d314961.wav,Laughter Hi-Hat Flute
3d3159e3.wav,Laughter Hi-Hat Flute
3d3439f1.wav,Laughter Hi-Hat Flute
3d3b9761.wav,Laughter Hi-Hat Flute
3d3f2beb.wav,Laughter Hi-Hat Flute
3d49cad3.wav,Laughter Hi-Hat Flute
3d4fcc98.wav,Laughter Hi-Hat Flute
3d51eb7a.wav,Laughter Hi-Hat Flute
3d576e50.wav,Laughter Hi-Hat Flute
3d5b75bf.wav,Laughter Hi-Hat Flute
3d61daec.wav,Laughter Hi-Hat Flute
3d6534dd.wav,Laughter Hi-Hat Flute
3d678687.wav,Laughter Hi-Hat Flute
3d7507e9.wav,Laughter Hi-Hat Flute
3d795d2a.wav,Laughter Hi-Hat Flute
3d88d530.wav,Laughter Hi-Hat Flute
3d94c79e.wav,Laughter Hi-Hat Flute
3d9a58e7.wav,Laughter Hi-Hat Flute
3d9e95c0.wav,Laughter Hi-Hat Flute
3db64708.wav,Laughter Hi-Hat Flute
3dbb6542.wav,Laughter Hi-Hat Flute
3dbd3ff7.wav,Laughter Hi-Hat Flute
3dc1faa7.wav,Laughter Hi-Hat Flute
3dc2885b.wav,Laughter Hi-Hat Flute
3dc30df9.wav,Laughter Hi-Hat Flute
3dc717ea.wav,Laughter Hi-Hat Flute
3ddb3511.wav,Laughter Hi-Hat Flute
3de081b1.wav,Laughter Hi-Hat Flute
3de13acc.wav,Laughter Hi-Hat Flute
3de364aa.wav,Laughter Hi-Hat Flute
3dee39ff.wav,Laughter Hi-Hat Flute
3def93b9.wav,Laughter Hi-Hat Flute
3df53f0c.wav,Laughter Hi-Hat Flute
3e205ca5.wav,Laughter Hi-Hat Flute
3e20cc09.wav,Laughter Hi-Hat Flute
3e23db4c.wav,Laughter Hi-Hat Flute
3e246c06.wav,Laughter Hi-Hat Flute
3e2bddda.wav,Laughter Hi-Hat Flute
3e326ff4.wav,Laughter Hi-Hat Flute
3e33282d.wav,Laughter Hi-Hat Flute
3e351b36.wav,Laughter Hi-Hat Flute
3e409f47.wav,Laughter Hi-Hat Flute
3e410f2b.wav,Laughter Hi-Hat Flute
3e4c9e54.wav,Laughter Hi-Hat Flute
3e4ea67e.wav,Laughter Hi-Hat Flute
3e52cc7a.wav,Laughter Hi-Hat Flute
3e5a6eea.wav,Laughter Hi-Hat Flute
3e69ba3a.wav,Laughter Hi-Hat Flute
3e6e8db6.wav,Laughter Hi-Hat Flute
3e70496c.wav,Laughter Hi-Hat Flute
3e782d24.wav,Laughter Hi-Hat Flute
3e7b6f14.wav,Laughter Hi-Hat Flute
3e7bb5fe.wav,Laughter Hi-Hat Flute
3e7c0c48.wav,Laughter Hi-Hat Flute
3e8687d9.wav,Laughter Hi-Hat Flute
3e93dd4c.wav,Laughter Hi-Hat Flute
3ead1c2e.wav,Laughter Hi-Hat Flute
3eaddda8.wav,Laughter Hi-Hat Flute
3ec68757.wav,Laughter Hi-Hat Flute
3ecef0f4.wav,Laughter Hi-Hat Flute
3ed07532.wav,Laughter Hi-Hat Flute
3ed699d0.wav,Laughter Hi-Hat Flute
3edc4278.wav,Laughter Hi-Hat Flute
3ee056f2.wav,Laughter Hi-Hat Flute
3ee25773.wav,Laughter Hi-Hat Flute
3eed2e68.wav,Laughter Hi-Hat Flute
3ef05695.wav,Laughter Hi-Hat Flute
3ef1e964.wav,Laughter Hi-Hat Flute
3f0c2a46.wav,Laughter Hi-Hat Flute
3f0c40c0.wav,Laughter Hi-Hat Flute
3f13875c.wav,Laughter Hi-Hat Flute
3f1e7231.wav,Laughter Hi-Hat Flute
3f272bc9.wav,Laughter Hi-Hat Flute
3f2933f9.wav,Laughter Hi-Hat Flute
3f309887.wav,Laughter Hi-Hat Flute
3f395899.wav,Laughter Hi-Hat Flute
3f3b55e7.wav,Laughter Hi-Hat Flute
3f3f7481.wav,Laughter Hi-Hat Flute
3f4e1fb2.wav,Laughter Hi-Hat Flute
3f52541c.wav,Laughter Hi-Hat Flute
3f54f3c3.wav,Laughter Hi-Hat Flute
3f5625b1.wav,Laughter Hi-Hat Flute
3f5bfd26.wav,Laughter Hi-Hat Flute
3f6978e0.wav,Laughter Hi-Hat Flute
3f6d2c76.wav,Laughter Hi-Hat Flute
3f6dbc86.wav,Laughter Hi-Hat Flute
3f78b9c5.wav,Laughter Hi-Hat Flute
3f7b7686.wav,Laughter Hi-Hat Flute
3f7e6da8.wav,Laughter Hi-Hat Flute
3f801ad6.wav,Laughter Hi-Hat Flute
3f8d2bee.wav,Laughter Hi-Hat Flute
3f97d1ca.wav,Laughter Hi-Hat Flute
3f9adde5.wav,Laughter Hi-Hat Flute
3f9e54b9.wav,Laughter Hi-Hat Flute
3f9eaa47.wav,Laughter Hi-Hat Flute
3fac24bb.wav,Laughter Hi-Hat Flute
3fb27eb8.wav,Laughter Hi-Hat Flute
3fbc44fd.wav,Laughter Hi-Hat Flute
3fbc907f.wav,Laughter Hi-Hat Flute
3fc5aa0c.wav,Laughter Hi-Hat Flute
3fd6adb9.wav,Laughter Hi-Hat Flute
3fd93883.wav,Laughter Hi-Hat Flute
3fd99189.wav,Laughter Hi-Hat Flute
3fe0597b.wav,Laughter Hi-Hat Flute
3ff0d94e.wav,Laughter Hi-Hat Flute
4a03755f.wav,Laughter Hi-Hat Flute
4a077cd0.wav,Laughter Hi-Hat Flute
4a084558.wav,Laughter Hi-Hat Flute
4a0a261e.wav,Laughter Hi-Hat Flute
4a0b87bc.wav,Laughter Hi-Hat Flute
4a2165a7.wav,Laughter Hi-Hat Flute
4a28e65a.wav,Laughter Hi-Hat Flute
4a400131.wav,Laughter Hi-Hat Flute
4a4727b7.wav,Laughter Hi-Hat Flute
4a472bbb.wav,Laughter Hi-Hat Flute
4a4fa182.wav,Laughter Hi-Hat Flute
4a5e1f74.wav,Laughter Hi-Hat Flute
4a618351.wav,Laughter Hi-Hat Flute
4a6cda1d.wav,Laughter Hi-Hat Flute
4a70bad0.wav,Laughter Hi-Hat Flute
4a7226e3.wav,Laughter Hi-Hat Flute
4a729d7a.wav,Laughter Hi-Hat Flute
4a789458.wav,Laughter Hi-Hat Flute
4a78eefc.wav,Laughter Hi-Hat Flute
4a7cd04a.wav,Laughter Hi-Hat Flute
4a7ed000.wav,Laughter Hi-Hat Flute
4a891aae.wav,Laughter Hi-Hat Flute
4a90ebd4.wav,Laughter Hi-Hat Flute
4aa8d981.wav,Laughter Hi-Hat Flute
4aa97c8e.wav,Laughter Hi-Hat Flute
4aaae5e2.wav,Laughter Hi-Hat Flute
4ab3eb69.wav,Laughter Hi-Hat Flute
4ab8ab15.wav,Laughter Hi-Hat Flute
4ac4d857.wav,Laughter Hi-Hat Flute
4acda322.wav,Laughter Hi-Hat Flute
4ada7042.wav,Laughter Hi-Hat Flute
4adfa318.wav,Laughter Hi-Hat Flute
4aeb611b.wav,Laughter Hi-Hat Flute
4af1bc72.wav,Laughter Hi-Hat Flute
4af35d0d.wav,Laughter Hi-Hat Flute
4af50e05.wav,Laughter Hi-Hat Flute
4af8ad50.wav,Laughter Hi-Hat Flute
4afa2149.wav,Laughter Hi-Hat Flute
4afa8522.wav,Laughter Hi-Hat Flute
4afc5a71.wav,Laughter Hi-Hat Flute
4aff76bc.wav,Laughter Hi-Hat Flute
4b090c94.wav,Laughter Hi-Hat Flute
4b0b4333.wav,Laughter Hi-Hat Flute
4b0d5239.wav,Laughter Hi-Hat Flute
4b12b563.wav,Laughter Hi-Hat Flute
4b13fe12.wav,Laughter Hi-Hat Flute
4b142f94.wav,Laughter Hi-Hat Flute
4b166997.wav,Laughter Hi-Hat Flute
4b17c19e.wav,Laughter Hi-Hat Flute
4b1dad12.wav,Laughter Hi-Hat Flute
4b2d5441.wav,Laughter Hi-Hat Flute
4b2ef8c7.wav,Laughter Hi-Hat Flute
4b3ee579.wav,Laughter Hi-Hat Flute
4b4f97bb.wav,Laughter Hi-Hat Flute
4b606159.wav,Laughter Hi-Hat Flute
4b75dd72.wav,Laughter Hi-Hat Flute
4b8cb71c.wav,Laughter Hi-Hat Flute
4b9aadda.wav,Laughter Hi-Hat Flute
4ba0c404.wav,Laughter Hi-Hat Flute
4ba221e4.wav,Laughter Hi-Hat Flute
4ba2b70e.wav,Laughter Hi-Hat Flute
4baddba4.wav,Laughter Hi-Hat Flute
4bb00403.wav,Laughter Hi-Hat Flute
4bb33e00.wav,Laughter Hi-Hat Flute
4bb53f71.wav,Laughter Hi-Hat Flute
4bb6e82c.wav,Laughter Hi-Hat Flute
4bbc250e.wav,Laughter Hi-Hat Flute
4bc0a640.wav,Laughter Hi-Hat Flute
4bc87056.wav,Laughter Hi-Hat Flute
4bcc8a77.wav,Laughter Hi-Hat Flute
4bd0dcc1.wav,Laughter Hi-Hat Flute
4bd21fae.wav,Laughter Hi-Hat Flute
4bd7faba.wav,Laughter Hi-Hat Flute
4be963d5.wav,Laughter Hi-Hat Flute
4bf0c44b.wav,Laughter Hi-Hat Flute
4bfaf9c0.wav,Laughter Hi-Hat Flute
4bfbb74e.wav,Laughter Hi-Hat Flute
4bfe8bf9.wav,Laughter Hi-Hat Flute
4bff8f32.wav,Laughter Hi-Hat Flute
4c01f7c6.wav,Laughter Hi-Hat Flute
4c0c385f.wav,Laughter Hi-Hat Flute
4c0d7bcd.wav,Laughter Hi-Hat Flute
4c1ae9cc.wav,Laughter Hi-Hat Flute
4c1d875e.wav,Laughter Hi-Hat Flute
4c1e5a37.wav,Laughter Hi-Hat Flute
4c4d4797.wav,Laughter Hi-Hat Flute
4c4ec973.wav,Laughter Hi-Hat Flute
